cdmTableName,cdmFieldName,isRequired,cdmDatatype,userGuidance,etlConventions,isPrimaryKey,isForeignKey,fkTableName,fkFieldName,fkDomain,fkClass,unique DQ identifiers
care_site,site_id,No,bigint,Not part of OMOP CDM. The id of the Site corresponding to the CareSite.,NA,No,Yes,Site,id,ORGANIZATION,NA,NA
person,provided_by_organization_id,Yes,integer,Not part of OMOP CDM. The id of the Organization that provided the data for this Person.,NA,No,Yes,Organization,id,ORGANIZATION,NA,NA
person,person_type_concept_id,Yes,integer,"Not part of OMOP CDM. The conceptual type of Person under study, e.g. human, animal or environment, since data from non-human origin are also in scope.",NA,No,Yes,CONCEPT,CONCEPT_ID,NA,NA,NA
observation_period,observation_period_start_iso_interval,No,varchar(55),Not part of OMOP CDM. See corresponding date variable. Allows for more uncertainty on the time.,NA,No,No,NA,NA,NA,NA,NA
observation_period,observation_period_end_iso_interval,No,varchar(55),Not part of OMOP CDM. See corresponding date variable. Allows for more uncertainty on the time.,NA,No,No,NA,NA,NA,NA,NA
condition_occurrence,condition_start_iso_interval,No,varchar(55),Not part of OMOP CDM. See corresponding date variable. Allows for more uncertainty on the time.,NA,No,No,NA,NA,NA,NA,NA
condition_occurrence,condition_end_iso_interval,No,varchar(55),Not part of OMOP CDM. See corresponding date variable. Allows for more uncertainty on the time.,NA,No,No,NA,NA,NA,NA,NA
procedure_occurrence,procedure_iso_interval,No,varchar(55),Not part of OMOP CDM. See corresponding date variable. Allows for more uncertainty on the time.,NA,No,No,NA,NA,NA,NA,NA
drug_exposure,drug_exposure_start_iso_interval,No,varchar(55),Not part of OMOP CDM. See corresponding date variable. Allows for more uncertainty on the time.,NA,No,No,NA,NA,NA,NA,NA
drug_exposure,drug_exposure_end_iso_interval,No,varchar(55),Not part of OMOP CDM. See corresponding date variable. Allows for more uncertainty on the time.,NA,No,No,NA,NA,NA,NA,NA
device_exposure,device_exposure_start_iso_interval,No,varchar(55),Not part of OMOP CDM. See corresponding date variable. Allows for more uncertainty on the time.,NA,No,No,NA,NA,NA,NA,NA
device_exposure,device_exposure_end_iso_interval,No,varchar(55),Not part of OMOP CDM. See corresponding date variable. Allows for more uncertainty on the time.,NA,No,No,NA,NA,NA,NA,NA
measurement,measurement_iso_interval,No,varchar(55),Not part of OMOP CDM. See corresponding date variable. Allows for more uncertainty on the time.,NA,No,No,NA,NA,NA,NA,NA
measurement,derived_from_specimen_id,No,integer,Not part of OMOP CDM. The specimen from which this measurement was derived.,NA,No,Yes,SPECIMEN,SPECIMEN_ID,NA,NA,NA
observation,observation_iso_interval,No,varchar(55),Not part of OMOP CDM. See corresponding date variable. Allows for more uncertainty on the time.,NA,No,No,NA,NA,NA,NA,NA
observation,value_as_iso_interval,No,varchar(55),Not part of OMOP CDM. See corresponding date variable. Allows for more uncertainty on the time.,NA,No,No,NA,NA,NA,NA,NA
specimen,specimen_iso_interval,No,varchar(55),Not part of OMOP CDM. See corresponding date variable. Allows for more uncertainty on the time.,NA,No,No,NA,NA,NA,NA,NA
specimen,derived_from_specimen_id,No,integer,Not part of OMOP CDM. The source specimen from which this specimen was derived.,NA,No,Yes,SPECIMEN,SPECIMEN_ID,NA,NA,NA
specimen,derived_from_specimen_concept_id,No,integer,Not part of OMOP CDM. The protocol used to derive this specimen from the source specimen.,NA,No,Yes,CONCEPT,CONCEPT_ID,NA,NA,NA
drug_era,drug_era_start_iso_interval,No,varchar(55),Not part of OMOP CDM. See corresponding date variable. Allows for more uncertainty on the time.,NA,No,No,NA,NA,NA,NA,NA
drug_era,drug_era_end_iso_interval,No,varchar(55),Not part of OMOP CDM. See corresponding date variable. Allows for more uncertainty on the time.,NA,No,No,NA,NA,NA,NA,NA
location_history,start_iso_interval,No,varchar(55),Not part of OMOP CDM. See corresponding date variable. Allows for more uncertainty on the time.,NA,No,No,NA,NA,NA,NA,NA
location_history,end_iso_interval,No,varchar(55),Not part of OMOP CDM. See corresponding date variable. Allows for more uncertainty on the time.,NA,No,No,NA,NA,NA,NA,NA
location_history,location_history_id,Yes,bigint,Not part of OMOP CDM. The primary key for this table.,NA,Yes,No,NA,NA,NA,NA,NA
cohort,cohort_id,Yes,integer,Not part of OMOP CDM. The primary key for this table.,NA,Yes,No,NA,NA,NA,NA,NA
cdm_source,cdm_source_id,Yes,integer,Not part of OMOP CDM. The primary key for this table.,NA,Yes,No,NA,NA,NA,NA,NA
concept_relationship,concept_relationship_id,Yes,integer,Not part of OMOP CDM. The primary key for this table.,NA,Yes,No,NA,NA,NA,NA,NA
concept_ancestor,concept_ancestor_id,Yes,integer,Not part of OMOP CDM. The primary key for this table.,NA,Yes,No,NA,NA,NA,NA,NA
concept_synonym,concept_synonym_id,Yes,integer,Not part of OMOP CDM. The primary key for this table.,NA,Yes,No,NA,NA,NA,NA,NA
drug_strength,drug_strength_id,Yes,integer,Not part of OMOP CDM. The primary key for this table.,NA,Yes,No,NA,NA,NA,NA,NA
source_to_concept_map,source_to_concept_map_id,Yes,integer,Not part of OMOP CDM. The primary key for this table.,NA,Yes,No,NA,NA,NA,NA,NA
metadata,metadata_id,Yes,integer,Not part of OMOP CDM. The primary key for this table.,NA,Yes,No,NA,NA,NA,NA,NA
fact_relationship,fact_relationship_id,Yes,integer,Not part of OMOP CDM. The primary key for this table.,NA,Yes,No,NA,NA,NA,NA,NA
measurement_relation,measurement_relation_id,Yes,integer,Not part of OMOP CDM. The primary key for this table.,NA,Yes,No,NA,NA,NA,NA,NA
measurement_relation,person_id,Yes,integer,Not part of OMOP CDM. The PERSON_ID of the PERSON for whom the measurement is recorded. This may be a system generated code.,NA,No,Yes,PERSON,PERSON_ID,NA,NA,NA
measurement_relation,from_measurement_id,Yes,integer,Not part of OMOP CDM. The measurement from which the to measurement was derived.,NA,No,Yes,MEASUREMENT,MEASUREMENT_ID,NA,NA,NA
measurement_relation,to_measurement_id,Yes,integer,Not part of OMOP CDM. The measurement that was derived.,NA,No,Yes,MEASUREMENT,MEASUREMENT_ID,NA,NA,NA
measurement_relation,measurement_relation_concept_id,No,integer,Not part of OMOP CDM. The Concept Id that represents the relationship between the from and to measurement.,NA,No,Yes,CONCEPT,CONCEPT_ID,NA,NA,NA
